{
  "sdg": "aim",
  "data": "snake",
  "epsilon": 0.1,
  "n_runs": 5,
  "train_size": 1000,
  "num_targets": 32,
  "ma_mean": 0.4953271182280977,
  "ma_std": 0.0976940783886878,
  "auc_mean": 0.48359375,
  "auc_std": 0.09009475805887654,
  "ma_all": [
    0.39614941493477585,
    0.6416470477187842,
    0.37807874344314446,
    0.5187546013590234,
    0.5420057836847605
  ],
  "auc_all": [
    0.439453125,
    0.626953125,
    0.353515625,
    0.48046875,
    0.517578125
  ]
}