{
  "sdg": "aim",
  "data": "snake",
  "epsilon": 1.0,
  "n_runs": 5,
  "train_size": 1000,
  "num_targets": 32,
  "ma_mean": 0.46645746358818607,
  "ma_std": 0.0629726488327933,
  "auc_mean": 0.47265625,
  "auc_std": 0.06480137922914912,
  "ma_all": [
    0.559174479852731,
    0.5030811021298106,
    0.3902735323708122,
    0.4033193801524609,
    0.4764388234351157
  ],
  "auc_all": [
    0.578125,
    0.5078125,
    0.3984375,
    0.41796875,
    0.4609375
  ]
}