{
  "sdg": "aim",
  "data": "snake",
  "epsilon": 1000.0,
  "n_runs": 5,
  "train_size": 1000,
  "num_targets": 32,
  "ma_mean": 0.5317560095650716,
  "ma_std": 0.0842328457627345,
  "auc_mean": 0.52265625,
  "auc_std": 0.0746247121016222,
  "ma_all": [
    0.5416457390813442,
    0.6027085636639895,
    0.3814782355311163,
    0.6181928847455318,
    0.5147546248033761
  ],
  "auc_all": [
    0.5234375,
    0.578125,
    0.3828125,
    0.59375,
    0.53515625
  ]
}