{
  "sdg": "aim",
  "data": "snake",
  "epsilon": 100.0,
  "n_runs": 5,
  "train_size": 1000,
  "num_targets": 32,
  "ma_mean": 0.47460650588270853,
  "ma_std": 0.06913860654700275,
  "auc_mean": 0.44765625,
  "auc_std": 0.06714206312457936,
  "ma_all": [
    0.4176796460723796,
    0.37556540565327456,
    0.49653235043806204,
    0.5679575907095105,
    0.5152975365403158
  ],
  "auc_all": [
    0.41015625,
    0.359375,
    0.41796875,
    0.5390625,
    0.51171875
  ]
}