{
  "sdg": "aim",
  "data": "snake",
  "epsilon": 10.0,
  "n_runs": 5,
  "train_size": 1000,
  "num_targets": 32,
  "ma_mean": 0.48311476476703213,
  "ma_std": 0.04927041731621856,
  "auc_mean": 0.48671875,
  "auc_std": 0.05681412006078463,
  "ma_all": [
    0.543511011475275,
    0.5182234680661746,
    0.47490611176774944,
    0.48057524509596083,
    0.39835798743000084
  ],
  "auc_all": [
    0.5546875,
    0.54296875,
    0.484375,
    0.447265625,
    0.404296875
  ]
}