{
  "sdg": "mwem_pgm",
  "data": "snake",
  "epsilon": 1.0,
  "n_runs": 5,
  "train_size": 1000,
  "num_targets": 32,
  "ma_mean": 0.5088600140372797,
  "ma_std": 0.044048901916408006,
  "auc_mean": 0.531640625,
  "auc_std": 0.11728121252997004,
  "ma_all": [
    0.5065727784079719,
    0.4541877311993855,
    0.4902779586962928,
    0.5047459506057725,
    0.5885156512769756
  ],
  "auc_all": [
    0.552734375,
    0.380859375,
    0.458984375,
    0.533203125,
    0.732421875
  ]
}