{
  "sdg": "mwem_pgm",
  "data": "snake",
  "epsilon": 1000.0,
  "n_runs": 5,
  "train_size": 1000,
  "num_targets": 32,
  "ma_mean": 0.5986112874469488,
  "ma_std": 0.11320452528700808,
  "auc_mean": 0.5625,
  "auc_std": 0.08001617268168355,
  "ma_all": [
    0.5395941907971374,
    0.7389766852925942,
    0.49300385131125635,
    0.48940727189722266,
    0.7320744379365337
  ],
  "auc_all": [
    0.5390625,
    0.60546875,
    0.47265625,
    0.5,
    0.6953125
  ]
}