{
  "sdg": "mwem_pgm",
  "data": "snake",
  "epsilon": 0.1,
  "n_runs": 5,
  "train_size": 1000,
  "num_targets": 32,
  "ma_mean": 0.4328454488831705,
  "ma_std": 0.072372536282938,
  "auc_mean": 0.44140625,
  "auc_std": 0.0777824521552339,
  "ma_all": [
    0.41850565341968216,
    0.5457678297141731,
    0.34396388506651754,
    0.42314442733230906
  ],
  "auc_all": [
    0.4453125,
    0.54296875,
    0.32421875,
    0.453125
  ]
}