{
  "sdg": "mwem_pgm",
  "data": "snake",
  "epsilon": 100.0,
  "n_runs": 5,
  "train_size": 1000,
  "num_targets": 32,
  "ma_mean": 0.5504081955639387,
  "ma_std": 0.07090065917804238,
  "auc_mean": 0.54296875,
  "auc_std": 0.07061566586547917,
  "ma_all": [
    0.5916158592821479,
    0.4595669713823841,
    0.5290623067406434,
    0.5077646055479084,
    0.66403123486661
  ],
  "auc_all": [
    0.55078125,
    0.42578125,
    0.546875,
    0.54296875,
    0.6484375
  ]
}