{
  "sdg": "mwem_pgm",
  "data": "snake",
  "epsilon": 10.0,
  "n_runs": 3,
  "train_size": 1000,
  "num_targets": 32,
  "ma_mean": 0.6072903624302517,
  "ma_std": 0.12049078946251045,
  "auc_mean": 0.5911458333333334,
  "auc_std": 0.09909529995021067,
  "ma_all": [
    0.47978682305243325,
    0.7689409630751297,
    0.5731433011631921
  ],
  "auc_all": [
    0.4921875,
    0.7265625,
    0.5546875
  ]
}