{
  "sdg": "mwem_pgm",
  "data": "snake",
  "epsilon": 1.0,
  "n_holders": 2,
  "partition_type": "horizontal",
  "n_runs": 3,
  "external_ma_mean": 0.5244232011933374,
  "malicious_ma_mean": 0.5244232011933374,
  "colluding_ma_mean": 0.5421070062910607,
  "external_auc_mean": 0.4973958333333333,
  "malicious_auc_mean": 0.4973958333333333,
  "colluding_auc_mean": 0.5266927083333334,
  "raw": {
    "external": {
      "ma": [
        0.5727347268954619,
        0.5033283000510622,
        0.49720657663348816
      ],
      "auc": [
        0.525390625,
        0.46875,
        0.498046875
      ]
    },
    "malicious": {
      "ma": [
        0.5727347268954619,
        0.5033283000510622,
        0.49720657663348816
      ],
      "auc": [
        0.525390625,
        0.46875,
        0.498046875
      ]
    },
    "colluding": {
      "ma": [
        0.5727347268954619,
        0.5107100070898661,
        0.5428762848878538
      ],
      "auc": [
        0.525390625,
        0.498046875,
        0.556640625
      ]
    }
  }
}