{
  "sdg": "mwem_pgm",
  "data": "snake",
  "epsilon": 100.0,
  "n_holders": 2,
  "partition_type": "horizontal",
  "n_runs": 3,
  "external_ma_mean": 0.3894316592383609,
  "malicious_ma_mean": 0.3894316592383609,
  "colluding_ma_mean": 0.44700637296942514,
  "external_auc_mean": 0.3958333333333333,
  "malicious_auc_mean": 0.3958333333333333,
  "colluding_auc_mean": 0.4401041666666667,
  "raw": {
    "external": {
      "ma": [
        0.42064433698200854,
        0.38028514907552663,
        0.3673654916575477
      ],
      "auc": [
        0.4375,
        0.41796875,
        0.33203125
      ]
    },
    "malicious": {
      "ma": [
        0.42064433698200854,
        0.38028514907552663,
        0.3673654916575477
      ],
      "auc": [
        0.4375,
        0.41796875,
        0.33203125
      ]
    },
    "colluding": {
      "ma": [
        0.5828466323018364,
        0.3695054018189042,
        0.3886670847875349
      ],
      "auc": [
        0.54296875,
        0.4140625,
        0.36328125
      ]
    }
  }
}